FundId,FundName,FundShortName,FundClass,FundType,FundFamily,FundBaseCurrecny,FundCountry,RegistrarId,TrustIEEId,FundIdentifierId,custodianF5LB,F5LB Fund Name AUD,F5LB,O,81,SUII,AUD,HKG,RGHKICBC,TEHKICBC,33147518,VAGLEDMOB1X,OB1X Fund Name AUD,OB1X,O,81,SUII,AUD,HKG,RGHKICBC,TEHKICBC,RP543483,CDEGCMA070,A070 Fund Name AUD,A070,O,81,SALF,AUD,HKG,RGHKICBC,TEHKICBC,PH329742,SUUKTVGDD0,GDD0 Fund Name AUD,GDD0,O,81,SUII,AUD,HKG,RGHKICBC,TEHKICBC,CC703633,CKKRWMQX0VXH,0VXH Fund Name AUD,0VXH,O,7,SALF,AUD,HKG,RGHKICBC,TEHKICBC,62952184,HCJQDBTVF7,TVF7 Fund Name AUD,TVF7,O,81,SUII,AUD,HKG,RGHKICBC,TEHKICBC,EJ296676,PKAQXGOYUY,OYUY Fund Name AUD,OYUY,O,81,SUII,AUD,HKG,RGHKICBC,TEHKICBC,WV508301,XINPPNVUROQ,UROQ Fund Name AUD,UROQ,O,7,SALF,AUD,HKG,RGHKICBC,TEHKICBC,MC995808,KCIIZLUSDV,USDV Fund Name AUD,USDV,O,81,SALF,AUD,HKG,RGHKICBC,TEHKICBC,OP215466,RSEMGJTFJS,TFJS Fund Name AUD,TFJS,O,81,SUII,AUD,HKG,RGHKICBC,TEHKICBC,QI371855,GMVCZXPGXK2K,XK2K Fund Name AUD,XK2K,O,81,SALF,AUD,HKG,RGHKICBC,TEHKICBC,LM979891,NAJVJPXO47Z9,47Z9 Fund Name AUD,47Z9,O,7,SALF,AUD,HKG,RGHKICBC,TEHKICBC,12212616,TAVDIJ5BET,5BET Fund Name AUD,5BET,O,7,SALF,AUD,HKG,RGHKICBC,TEHKICBC,RF499415,MLGUPGSJ28,SJ28 Fund Name AUD,SJ28,O,81,SALF,AUD,HKG,RGHKICBC,TEHKICBC,QE800560,MJZVIQBWZON8,ZON8 Fund Name AUD,ZON8,O,7,SALF,AUD,HKG,RGHKICBC,TEHKICBC,AD124630,BQHUTMLOXEQ,OXEQ Fund Name AUD,OXEQ,O,81,SUII,AUD,HKG,RGHKICBC,TEHKICBC,VI502402,DZMCWWE08A,E08A Fund Name AUD,E08A,O,81,SALF,AUD,HKG,RGHKICBC,TEHKICBC,46402965,KJARPPPSVO,PSVO Fund Name AUD,PSVO,O,81,SALF,AUD,HKG,RGHKICBC,TEHKICBC,PN851406,VGZOIJ4HPI,4HPI Fund Name AUD,4HPI,O,81,SALF,AUD,HKG,RGHKICBC,TEHKICBC,KV990055,YZOAJGM54J,M54J Fund Name AUD,M54J,O,81,SUII,AUD,HKG,RGHKICBC,TEHKICBC,VC255776,JHKGMAAFS1D2,S1D2 Fund Name AUD,S1D2,O,7,SALF,AUD,HKG,RGHKICBC,TEHKICBC,TB239042,EYLOXAFJW7Q8,W7Q8 Fund Name AUD,W7Q8,O,7,SALF,AUD,HKG,RGHKICBC,TEHKICBC,TZ182210,ZCUFFPAAQY,AAQY Fund Name AUD,AAQY,O,81,SALF,AUD,HKG,RGHKICBC,TEHKICBC,NJ413107,QFPVANAG0K,AG0K Fund Name AUD,AG0K,O,7,SALF,AUD,HKG,RGHKICBC,TEHKICBC,QM424156,ZIFYAYMLFN,MLFN Fund Name AUD,MLFN,O,81,SUII,AUD,HKG,RGHKICBC,TEHKICBC,VW126547,TUXJQQJRJXH,RJXH Fund Name AUD,RJXH,O,7,SALF,AUD,HKG,RGHKICBC,TEHKICBC,OI667356,BUXEXKN7TZ,N7TZ Fund Name AUD,N7TZ,O,81,SALF,AUD,HKG,RGHKICBC,TEHKICBC,HK287448,OQGMEMJV5SQ7,5SQ7 Fund Name AUD,5SQ7,O,7,SALF,AUD,HKG,RGHKICBC,TEHKICBC,AR485135,UBFYHT110F,110F Fund Name AUD,110F,O,81,SUII,AUD,HKG,RGHKICBC,TEHKICBC,10338034,QUKLGAI14R,I14R Fund Name AUD,I14R,O,81,SUII,AUD,HKG,RGHKICBC,TEHKICBC,PX973738,QCKGSIDFQLJ,FQLJ Fund Name AUD,FQLJ,O,81,SUII,AUD,HKG,RGHKICBC,TEHKICBC,BU581377,DWKBESOANN03,NN03 Fund Name AUD,NN03,O,7,SALF,AUD,HKG,RGHKICBC,TEHKICBC,TP660020,NPJRDCQIXL,QIXL Fund Name AUD,QIXL,O,7,SALF,AUD,HKG,RGHKICBC,TEHKICBC,PV312691,PHEKOEK4J1,K4J1 Fund Name AUD,K4J1,O,81,SALF,AUD,HKG,RGHKICBC,TEHKICBC,TM797149,GYKRNGTZ1ACA,1ACA Fund Name AUD,1ACA,O,81,SALF,AUD,HKG,RGHKICBC,TEHKICBC,TB297958,PLQUGQVG40BD,40BD Fund Name AUD,40BD,O,7,SALF,AUD,HKG,RGHKICBC,TEHKICBC,HZ749009,RSDXXED2O3,D2O3 Fund Name AUD,D2O3,O,81,SALF,AUD,HKG,RGHKICBC,TEHKICBC,HE974987,HHNTAAUT3NX7,3NX7 Fund Name AUD,3NX7,O,81,SUII,AUD,HKG,RGHKICBC,TEHKICBC,IF979628,AZOUSB9LKV,9LKV Fund Name AUD,9LKV,O,81,SUII,AUD,HKG,RGHKICBC,TEHKICBC,31372536,KMUCBYHHYV3,HYV3 Fund Name AUD,HYV3,O,7,SALF,AUD,HKG,RGHKICBC,TEHKICBC,85042430,PLONNSQ2V0B,2V0B Fund Name AUD,2V0B,O,81,SUII,AUD,HKG,RGHKICBC,TEHKICBC,UJ785797,YSUPJVCXMHP,XMHP Fund Name AUD,XMHP,O,7,SALF,AUD,HKG,RGHKICBC,TEHKICBC,LM162380,HQTDENKX9X,KX9X Fund Name AUD,KX9X,O,7,SALF,AUD,HKG,RGHKICBC,TEHKICBC,ZZ159909,LSNAXPTS1CH,S1CH Fund Name AUD,S1CH,O,81,SUII,AUD,HKG,RGHKICBC,TEHKICBC,15968111,HAIVYOPM0X,PM0X Fund Name AUD,PM0X,O,7,SALF,AUD,HKG,RGHKICBC,TEHKICBC,ZL671593,FCTDCQ4PTC,4PTC Fund Name AUD,4PTC,O,7,SALF,AUD,HKG,RGHKICBC,TEHKICBC,86681976,YCATXCCVG6DP,G6DP Fund Name AUD,G6DP,O,81,SUII,AUD,HKG,RGHKICBC,TEHKICBC,QQ976822,JOLZVJTR2M23,2M23 Fund Name AUD,2M23,O,7,SALF,AUD,HKG,RGHKICBC,TEHKICBC,WP561758,BZDDJEEJBANR,BANR Fund Name AUD,BANR,O,7,SALF,AUD,HKG,RGHKICBC,TEHKICBC,AY779109,QVQONR7PN5,7PN5 Fund Name AUD,7PN5,O,81,SALF,AUD,HKG,RGHKICBC,TEHKICBC,69592796,NOECGYIQ1S,IQ1S Fund Name AUD,IQ1S,O,81,SUII,AUD,HKG,RGHKICBC,TEHKICBC,83012574,NXUYHBHD0MDU,0MDU Fund Name AUD,0MDU,O,81,SALF,AUD,HKG,RGHKICBC,TEHKICBC,TB597172,NLUKONZSF3,ZSF3 Fund Name AUD,ZSF3,O,7,SALF,AUD,HKG,RGHKICBC,TEHKICBC,OO572946,IQMFJQ75NB,75NB Fund Name AUD,75NB,O,81,SALF,AUD,HKG,RGHKICBC,TEHKICBC,67049433,JHIGRINV5DMK,5DMK Fund Name AUD,5DMK,O,81,SALF,AUD,HKG,RGHKICBC,TEHKICBC,AS177775,NCTFXXRW083,W083 Fund Name AUD,W083,O,81,SUII,AUD,HKG,RGHKICBC,TEHKICBC,TL767965,PFACBULHY3L4,Y3L4 Fund Name AUD,Y3L4,O,81,SALF,AUD,HKG,RGHKICBC,TEHKICBC,ZZ237110,EHBQZDYQPEH,QPEH Fund Name AUD,QPEH,O,81,SUII,AUD,HKG,RGHKICBC,TEHKICBC,LR504601,TZPPMGPSMBJX,MBJX Fund Name AUD,MBJX,O,81,SALF,AUD,HKG,RGHKICBC,TEHKICBC,MB336049,YPTFDADSL5,DSL5 Fund Name AUD,DSL5,O,81,SALF,AUD,HKG,RGHKICBC,TEHKICBC,14739645,ZYKDKR7LCD,7LCD Fund Name AUD,7LCD,O,81,SUII,AUD,HKG,RGHKICBC,TEHKICBC,RA244777,GQRAZJUVUWO3,UWO3 Fund Name AUD,UWO3,O,7,SALF,AUD,HKG,RGHKICBC,TEHKICBC,39074883,DPYZEPOPT7,OPT7 Fund Name AUD,OPT7,O,81,SUII,AUD,HKG,RGHKICBC,TEHKICBC,IE990310,FOQTBNV3DS,V3DS Fund Name AUD,V3DS,O,81,SUII,AUD,HKG,RGHKICBC,TEHKICBC,FM363528,SMRJWWIRPM,IRPM Fund Name AUD,IRPM,O,7,SALF,AUD,HKG,RGHKICBC,TEHKICBC,AB393343,TOGWJTK2IF9,2IF9 Fund Name AUD,2IF9,O,7,SALF,AUD,HKG,RGHKICBC,TEHKICBC,RL364813,AUVDIII1JE,I1JE Fund Name AUD,I1JE,O,81,SUII,AUD,HKG,RGHKICBC,TEHKICBC,RV782058,XYSZJFWH6DNP,6DNP Fund Name AUD,6DNP,O,7,SALF,AUD,HKG,RGHKICBC,TEHKICBC,OU483020,KNJOZKRTXL8H,XL8H Fund Name AUD,XL8H,O,81,SUII,AUD,HKG,RGHKICBC,TEHKICBC,76651185,OSTFMCWRLT,WRLT Fund Name AUD,WRLT,O,81,SUII,AUD,HKG,RGHKICBC,TEHKICBC,SF299282,GHVBDSBUEJ,BUEJ Fund Name AUD,BUEJ,O,7,SALF,AUD,HKG,RGHKICBC,TEHKICBC,IW647345,HQWYUV8MWJ,8MWJ Fund Name AUD,8MWJ,O,81,SUII,AUD,HKG,RGHKICBC,TEHKICBC,UE596294,DKPFSEBO9R,BO9R Fund Name AUD,BO9R,O,81,SUII,AUD,HKG,RGHKICBC,TEHKICBC,XL816066,JEZXARRBX7,RBX7 Fund Name AUD,RBX7,O,81,SALF,AUD,HKG,RGHKICBC,TEHKICBC,88168456,MKIRMP8ZTQ,8ZTQ Fund Name AUD,8ZTQ,O,81,SUII,AUD,HKG,RGHKICBC,TEHKICBC,MQ393410,KSGMOAJAGQZH,GQZH Fund Name AUD,GQZH,O,81,SALF,AUD,HKG,RGHKICBC,TEHKICBC,82204738,YTARTXFNUA,FNUA Fund Name AUD,FNUA,O,81,SALF,AUD,HKG,RGHKICBC,TEHKICBC,13087245,GLYWXA2ZA8,2ZA8 Fund Name AUD,2ZA8,O,7,SALF,AUD,HKG,RGHKICBC,TEHKICBC,FY281472,UIHWFQDJ4PVX,4PVX Fund Name AUD,4PVX,O,81,SUII,AUD,HKG,RGHKICBC,TEHKICBC,16166991,NUECWCPMOC,PMOC Fund Name AUD,PMOC,O,81,SALF,AUD,HKG,RGHKICBC,TEHKICBC,21556471,RTTCNTMOJV,MOJV Fund Name AUD,MOJV,O,81,SUII,AUD,HKG,RGHKICBC,TEHKICBC,WX404304,CRSMCGYRKZR8,KZR8 Fund Name AUD,KZR8,O,7,SALF,AUD,HKG,RGHKICBC,TEHKICBC,ZC494784,OZXPHYXNQLVA,QLVA Fund Name AUD,QLVA,O,81,SUII,AUD,HKG,RGHKICBC,TEHKICBC,DE246711,WOEIXTZ03E,Z03E Fund Name AUD,Z03E,O,81,SUII,AUD,HKG,RGHKICBC,TEHKICBC,UO735595,ZKKTMWSCK7,SCK7 Fund Name AUD,SCK7,O,7,SALF,AUD,HKG,RGHKICBC,TEHKICBC,XC984954,PTRCZSC8WA,C8WA Fund Name AUD,C8WA,O,81,SUII,AUD,HKG,RGHKICBC,TEHKICBC,HV888293,WOXXDQSXYD,SXYD Fund Name AUD,SXYD,O,81,SUII,AUD,HKG,RGHKICBC,TEHKICBC,TN765286,JBWNKMCFESDR,ESDR Fund Name AUD,ESDR,O,81,SALF,AUD,HKG,RGHKICBC,TEHKICBC,15281127,FWSHXXXI2D,XI2D Fund Name AUD,XI2D,O,7,SALF,AUD,HKG,RGHKICBC,TEHKICBC,QV633654,JYLJGZWRYBL,RYBL Fund Name AUD,RYBL,O,7,SALF,AUD,HKG,RGHKICBC,TEHKICBC,TU371330,EDATQVJLHER6,HER6 Fund Name AUD,HER6,O,81,SUII,AUD,HKG,RGHKICBC,TEHKICBC,97617775,NNJIGJE5QW1,5QW1 Fund Name AUD,5QW1,O,81,SALF,AUD,HKG,RGHKICBC,TEHKICBC,NY615746,BYTQTGNET1,NET1 Fund Name AUD,NET1,O,81,SALF,AUD,HKG,RGHKICBC,TEHKICBC,GG211228,KLWAZIM1IJ8,1IJ8 Fund Name AUD,1IJ8,O,81,SUII,AUD,HKG,RGHKICBC,TEHKICBC,OR586878,JMNOOKOPLS61,LS61 Fund Name AUD,LS61,O,81,SALF,AUD,HKG,RGHKICBC,TEHKICBC,JT562542,DMULZW18ZK,18ZK Fund Name AUD,18ZK,O,81,SUII,AUD,HKG,RGHKICBC,TEHKICBC,23307913,BZLOOBTDBMP,DBMP Fund Name AUD,DBMP,O,81,SALF,AUD,HKG,RGHKICBC,TEHKICBC,JG719428,WGOLHX2HLT,2HLT Fund Name AUD,2HLT,O,7,SALF,AUD,HKG,RGHKICBC,TEHKICBC,GX292273,NBCYZULH2MUT,2MUT Fund Name AUD,2MUT,O,81,SALF,AUD,HKG,RGHKICBC,TEHKICBC,CG916249,XKGRDEXK3U,XK3U Fund Name AUD,XK3U,O,7,SALF,AUD,HKG,RGHKICBC,TEHKICBC,55309839,SHPSQAEZE3TO,E3TO Fund Name AUD,E3TO,O,7,SALF,AUD,HKG,RGHKICBC,TEHKICBC,WR749780,PILAMF4W3S,4W3S Fund Name AUD,4W3S,O,7,SALF,AUD,HKG,RGHKICBC,TEHKICBC,HB463277,XSQLHNVEDRFM,DRFM Fund Name AUD,DRFM,O,7,SALF,AUD,HKG,RGHKICBC,TEHKICBC,QT319935,AXAJDUZCNC2X,NC2X Fund Name AUD,NC2X,O,81,SALF,AUD,HKG,RGHKICBC,TEHKICBC,MR937845,WSHZJSHRHP,HRHP Fund Name AUD,HRHP,O,81,SUII,AUD,HKG,RGHKICBC,TEHKICBC,QI748553,EBOZUT37FO,37FO Fund Name AUD,37FO,O,81,SALF,AUD,HKG,RGHKICBC,TEHKICBC,14353965,GQIAXFK1W4,K1W4 Fund Name AUD,K1W4,O,81,SALF,AUD,HKG,RGHKICBC,TEHKICBC,LG128036,QXUXOQRNYVCV,YVCV Fund Name AUD,YVCV,O,81,SUII,AUD,HKG,RGHKICBC,TEHKICBC,ZQ921287,FTRAHBFUW2Z,UW2Z Fund Name AUD,UW2Z,O,81,SALF,AUD,HKG,RGHKICBC,TEHKICBC,NU303302,CVWNMEUPG3,UPG3 Fund Name AUD,UPG3,O,7,SALF,AUD,HKG,RGHKICBC,TEHKICBC,HB929265,JRZIFALO40TT,40TT Fund Name AUD,40TT,O,7,SALF,AUD,HKG,RGHKICBC,TEHKICBC,ZV105138,NWIFEFPIZDMM,ZDMM Fund Name AUD,ZDMM,O,81,SUII,AUD,HKG,RGHKICBC,TEHKICBC,59792630,MVQUSUQ7Z57,7Z57 Fund Name AUD,7Z57,O,81,SUII,AUD,HKG,RGHKICBC,TEHKICBC,37449537,NPDVGXH3K4,H3K4 Fund Name AUD,H3K4,O,7,SALF,AUD,HKG,RGHKICBC,TEHKICBC,48660849,OTDJTNTDBW,TDBW Fund Name AUD,TDBW,O,7,SALF,AUD,HKG,RGHKICBC,TEHKICBC,SM855290,BPNIFAOJJF,OJJF Fund Name AUD,OJJF,O,81,SUII,AUD,HKG,RGHKICBC,TEHKICBC,ZT762316,XYIJAR2C5O,2C5O Fund Name AUD,2C5O,O,81,SALF,AUD,HKG,RGHKICBC,TEHKICBC,ZH718521,SOLDUYMW41,MW41 Fund Name AUD,MW41,O,81,SALF,AUD,HKG,RGHKICBC,TEHKICBC,ES739652,NUUMSEPZIY,PZIY Fund Name AUD,PZIY,O,7,SALF,AUD,HKG,RGHKICBC,TEHKICBC,ND391704,DRYUVN4C9A,4C9A Fund Name AUD,4C9A,O,81,SALF,AUD,HKG,RGHKICBC,TEHKICBC,32454321,GYCKNMJS1Q9W,1Q9W Fund Name AUD,1Q9W,O,81,SUII,AUD,HKG,RGHKICBC,TEHKICBC,FR663223,SVQCFKARWRDE,WRDE Fund Name AUD,WRDE,O,81,SALF,AUD,HKG,RGHKICBC,TEHKICBC,US667051,UKDNVW3LLH,3LLH Fund Name AUD,3LLH,O,7,SALF,AUD,HKG,RGHKICBC,TEHKICBC,44788568,BKKWTG875J,875J Fund Name AUD,875J,O,81,SUII,AUD,HKG,RGHKICBC,TEHKICBC,FI807803,GUXHHG51F6,51F6 Fund Name AUD,51F6,O,7,SALF,AUD,HKG,RGHKICBC,TEHKICBC,GV363944,QHLNBRTLVI,TLVI Fund Name AUD,TLVI,O,81,SALF,AUD,HKG,RGHKICBC,TEHKICBC,IC384295,JKKDAIKHA5,KHA5 Fund Name AUD,KHA5,O,7,SALF,AUD,HKG,RGHKICBC,TEHKICBC,OD396207,MIUSOEM7IT,M7IT Fund Name AUD,M7IT,O,81,SUII,AUD,HKG,RGHKICBC,TEHKICBC,65613739,YQXIMQXFO46,FO46 Fund Name AUD,FO46,O,7,SALF,AUD,HKG,RGHKICBC,TEHKICBC,CG208260,UGDJHWNJHZ,NJHZ Fund Name AUD,NJHZ,O,7,SALF,AUD,HKG,RGHKICBC,TEHKICBC,FJ745060,MVJYMY18XT,18XT Fund Name AUD,18XT,O,7,SALF,AUD,HKG,RGHKICBC,TEHKICBC,MP865817,LIVPMATJY40,JY40 Fund Name AUD,JY40,O,81,SALF,AUD,HKG,RGHKICBC,TEHKICBC,49863839,AMOULXV6CV,V6CV Fund Name AUD,V6CV,O,81,SUII,AUD,HKG,RGHKICBC,TEHKICBC,CO338651,RJWLRAF5XGE,5XGE Fund Name AUD,5XGE,O,81,SALF,AUD,HKG,RGHKICBC,TEHKICBC,33697338,VGJNQD8F7F,8F7F Fund Name AUD,8F7F,O,7,SALF,AUD,HKG,RGHKICBC,TEHKICBC,85309442,MHFPUZZ799,Z799 Fund Name AUD,Z799,O,7,SALF,AUD,HKG,RGHKICBC,TEHKICBC,26709255,VSNTLFSAFVJV,FVJV Fund Name AUD,FVJV,O,81,SUII,AUD,HKG,RGHKICBC,TEHKICBC,93169324,UBVJKHVSQG,VSQG Fund Name AUD,VSQG,O,7,SALF,AUD,HKG,RGHKICBC,TEHKICBC,TT714960,AWMMCKJBI2,JBI2 Fund Name AUD,JBI2,O,81,SUII,AUD,HKG,RGHKICBC,TEHKICBC,CR872782,QIALLBBWEVXT,EVXT Fund Name AUD,EVXT,O,81,SUII,AUD,HKG,RGHKICBC,TEHKICBC,LV381512,PZVVZLQJCK,QJCK Fund Name AUD,QJCK,O,81,SUII,AUD,HKG,RGHKICBC,TEHKICBC,RE327601,EHWUTC7DAE,7DAE Fund Name AUD,7DAE,O,81,SALF,AUD,HKG,RGHKICBC,TEHKICBC,34757926,KFOGRPMJ14B6,14B6 Fund Name AUD,14B6,O,81,SUII,AUD,HKG,RGHKICBC,TEHKICBC,EL358690,XTOKHF7195,7195 Fund Name AUD,7195,O,81,SUII,AUD,HKG,RGHKICBC,TEHKICBC,YM267862,NJEPBCS88DO,88DO Fund Name AUD,88DO,O,7,SALF,AUD,HKG,RGHKICBC,TEHKICBC,RN981578,TSDVEKQGII,QGII Fund Name AUD,QGII,O,7,SALF,AUD,HKG,RGHKICBC,TEHKICBC,30436606,BMBRCHFDST,FDST Fund Name AUD,FDST,O,81,SALF,AUD,HKG,RGHKICBC,TEHKICBC,BE211820,HZRGOPDXR4TF,R4TF Fund Name AUD,R4TF,O,7,SALF,AUD,HKG,RGHKICBC,TEHKICBC,ER192547,LYUVSESAG1,SAG1 Fund Name AUD,SAG1,O,81,SUII,AUD,HKG,RGHKICBC,TEHKICBC,LT163044,TYFTCAESOM,ESOM Fund Name AUD,ESOM,O,81,SALF,AUD,HKG,RGHKICBC,TEHKICBC,81167879,PMNHCXCPGS,CPGS Fund Name AUD,CPGS,O,7,SALF,AUD,HKG,RGHKICBC,TEHKICBC,UV903497,AMJUMAUPVK,UPVK Fund Name AUD,UPVK,O,81,SALF,AUD,HKG,RGHKICBC,TEHKICBC,RO229433,TWWPSL7Z2W,7Z2W Fund Name AUD,7Z2W,O,81,SALF,AUD,HKG,RGHKICBC,TEHKICBC,GQ955128,DDUKINYTTO9,TTO9 Fund Name AUD,TTO9,O,81,SALF,AUD,HKG,RGHKICBC,TEHKICBC,ZF519043,OQBEZKMXTZX,XTZX Fund Name AUD,XTZX,O,7,SALF,AUD,HKG,RGHKICBC,TEHKICBC,NH469908,NEZFOV7FZT,7FZT Fund Name AUD,7FZT,O,81,SALF,AUD,HKG,RGHKICBC,TEHKICBC,GF681570,GPQZGXKTTV,KTTV Fund Name AUD,KTTV,O,7,SALF,AUD,HKG,RGHKICBC,TEHKICBC,85790155,ZVNOWOCDGY,CDGY Fund Name AUD,CDGY,O,81,SUII,AUD,HKG,RGHKICBC,TEHKICBC,NB352231,LNIIXVSI03,SI03 Fund Name AUD,SI03,O,81,SUII,AUD,HKG,RGHKICBC,TEHKICBC,63317568,YZGHZNTUPQ,TUPQ Fund Name AUD,TUPQ,O,81,SALF,AUD,HKG,RGHKICBC,TEHKICBC,SB885235,QTCXVZIYTZ,IYTZ Fund Name AUD,IYTZ,O,7,SALF,AUD,HKG,RGHKICBC,TEHKICBC,BE847557,YFQITTN4LA,N4LA Fund Name AUD,N4LA,O,81,SALF,AUD,HKG,RGHKICBC,TEHKICBC,76745871,PRSKERXD0L1,D0L1 Fund Name AUD,D0L1,O,81,SUII,AUD,HKG,RGHKICBC,TEHKICBC,WI792571,XXKNEVKKCR,KKCR Fund Name AUD,KKCR,O,81,SUII,AUD,HKG,RGHKICBC,TEHKICBC,48409033,HYSXMRTSHZ,TSHZ Fund Name AUD,TSHZ,O,7,SALF,AUD,HKG,RGHKICBC,TEHKICBC,QJ985022,YDGLKIL3SD,L3SD Fund Name AUD,L3SD,O,7,SALF,AUD,HKG,RGHKICBC,TEHKICBC,62934048,QFOFUCOY42,OY42 Fund Name AUD,OY42,O,81,SUII,AUD,HKG,RGHKICBC,TEHKICBC,65430076,ELOKQUS4JN,S4JN Fund Name AUD,S4JN,O,81,SUII,AUD,HKG,RGHKICBC,TEHKICBC,44473300,KCTKRU2LB5,2LB5 Fund Name AUD,2LB5,O,81,SUII,AUD,HKG,RGHKICBC,TEHKICBC,RR441607,DRTTLV5ZWX,5ZWX Fund Name AUD,5ZWX,O,81,SALF,AUD,HKG,RGHKICBC,TEHKICBC,AM465849,MMGQFNQZHI,QZHI Fund Name AUD,QZHI,O,81,SUII,AUD,HKG,RGHKICBC,TEHKICBC,HS788232,VLLCCOXR5X8,R5X8 Fund Name AUD,R5X8,O,81,SALF,AUD,HKG,RGHKICBC,TEHKICBC,25808583,ZMMDSBHTSX,HTSX Fund Name AUD,HTSX,O,7,SALF,AUD,HKG,RGHKICBC,TEHKICBC,QB178652,JQUTYELMT5F3,T5F3 Fund Name AUD,T5F3,O,81,SUII,AUD,HKG,RGHKICBC,TEHKICBC,GG932193,OEMBQB0XLA,0XLA Fund Name AUD,0XLA,O,7,SALF,AUD,HKG,RGHKICBC,TEHKICBC,77668712,BAOHZOSLTT5T,TT5T Fund Name AUD,TT5T,O,81,SUII,AUD,HKG,RGHKICBC,TEHKICBC,ZL402094,NILXIG1JGU,1JGU Fund Name AUD,1JGU,O,81,SALF,AUD,HKG,RGHKICBC,TEHKICBC,BK674080,ATJNWO5P2X,5P2X Fund Name AUD,5P2X,O,81,SALF,AUD,HKG,RGHKICBC,TEHKICBC,81543968,VSZRZHK4B0N,4B0N Fund Name AUD,4B0N,O,7,SALF,AUD,HKG,RGHKICBC,TEHKICBC,28581891,LRRERCEIHH7H,HH7H Fund Name AUD,HH7H,O,81,SUII,AUD,HKG,RGHKICBC,TEHKICBC,PF657879,NYZIOUMP8H7Y,8H7Y Fund Name AUD,8H7Y,O,81,SUII,AUD,HKG,RGHKICBC,TEHKICBC,YA341044,OCDWRH6NA2,6NA2 Fund Name AUD,6NA2,O,81,SUII,AUD,HKG,RGHKICBC,TEHKICBC,UB763326,IUQOGLDVDDT,VDDT Fund Name AUD,VDDT,O,81,SUII,AUD,HKG,RGHKICBC,TEHKICBC,73586397,MSQDIHTL5I2,L5I2 Fund Name AUD,L5I2,O,81,SALF,AUD,HKG,RGHKICBC,TEHKICBC,AA405815,WDEKHI62T6,62T6 Fund Name AUD,62T6,O,81,SALF,AUD,HKG,RGHKICBC,TEHKICBC,NA954848,LAVAUFRKU1RZ,U1RZ Fund Name AUD,U1RZ,O,7,SALF,AUD,HKG,RGHKICBC,TEHKICBC,LC294767,NQEAWXDB43R5,43R5 Fund Name AUD,43R5,O,7,SALF,AUD,HKG,RGHKICBC,TEHKICBC,VK314360,PDKAFE00MX,00MX Fund Name AUD,00MX,O,81,SUII,AUD,HKG,RGHKICBC,TEHKICBC,MF722298,EOUOQYRH5I,RH5I Fund Name AUD,RH5I,O,81,SALF,AUD,HKG,RGHKICBC,TEHKICBC,37744047,VZSPPNBZ76,BZ76 Fund Name AUD,BZ76,O,7,SALF,AUD,HKG,RGHKICBC,TEHKICBC,PB726589,KBBGMLVZTTFR,TTFR Fund Name AUD,TTFR,O,81,SUII,AUD,HKG,RGHKICBC,TEHKICBC,RD394205,EDBXQGR3X7,R3X7 Fund Name AUD,R3X7,O,81,SUII,AUD,HKG,RGHKICBC,TEHKICBC,93060401,LPELLQG71CK,71CK Fund Name AUD,71CK,O,81,SALF,AUD,HKG,RGHKICBC,TEHKICBC,ZM635680,EGBMUYEQE3,EQE3 Fund Name AUD,EQE3,O,7,SALF,AUD,HKG,RGHKICBC,TEHKICBC,18284073,EJLSVKFFYZPF,YZPF Fund Name AUD,YZPF,O,7,SALF,AUD,HKG,RGHKICBC,TEHKICBC,99551612,MYZOBKEIS68V,S68V Fund Name AUD,S68V,O,81,SUII,AUD,HKG,RGHKICBC,TEHKICBC,YS284511,JVZHFOIHO3M2,O3M2 Fund Name AUD,O3M2,O,7,SALF,AUD,HKG,RGHKICBC,TEHKICBC,CM168034,AVWGVSYJS8,YJS8 Fund Name AUD,YJS8,O,7,SALF,AUD,HKG,RGHKICBC,TEHKICBC,AH735132,FJRVVLE29U,E29U Fund Name AUD,E29U,O,81,SALF,AUD,HKG,RGHKICBC,TEHKICBC,TA924108,KTPAWJID5F,ID5F Fund Name AUD,ID5F,O,81,SUII,AUD,HKG,RGHKICBC,TEHKICBC,AT489899,IKEZAUXFX3,XFX3 Fund Name AUD,XFX3,O,81,SALF,AUD,HKG,RGHKICBC,TEHKICBC,59636170,KXFAFSEXCC,EXCC Fund Name AUD,EXCC,O,7,SALF,AUD,HKG,RGHKICBC,TEHKICBC,IA928471,AHDNPWDGAM,DGAM Fund Name AUD,DGAM,O,81,SUII,AUD,HKG,RGHKICBC,TEHKICBC,LG459903,PUWTDB2HBS,2HBS Fund Name AUD,2HBS,O,81,SUII,AUD,HKG,RGHKICBC,TEHKICBC,25032657,VNVBNBPACADS,CADS Fund Name AUD,CADS,O,7,SALF,AUD,HKG,RGHKICBC,TEHKICBC,QF874165,DAIJAAX1NU,X1NU Fund Name AUD,X1NU,O,81,SALF,AUD,HKG,RGHKICBC,TEHKICBC,HP537029,NOZZPBW62S,W62S Fund Name AUD,W62S,O,81,SUII,AUD,HKG,RGHKICBC,TEHKICBC,RK400032,NPGNOAITT6,ITT6 Fund Name AUD,ITT6,O,7,SALF,AUD,HKG,RGHKICBC,TEHKICBC,FR876412,EIDFNA1MQR,1MQR Fund Name AUD,1MQR,O,81,SUII,AUD,HKG,RGHKICBC,TEHKICBC,SG979484,HNSBDNQABM,QABM Fund Name AUD,QABM,O,7,SALF,AUD,HKG,RGHKICBC,TEHKICBC,HT964998,KVSEWVGAYP,GAYP Fund Name AUD,GAYP,O,81,SUII,AUD,HKG,RGHKICBC,TEHKICBC,ZQ920006,VXZFDM4HHW,4HHW Fund Name AUD,4HHW,O,81,SALF,AUD,HKG,RGHKICBC,TEHKICBC,LV426287,WDDLSVDE5CE9,5CE9 Fund Name AUD,5CE9,O,81,SALF,AUD,HKG,RGHKICBC,TEHKICBC,GR662297,CLMDOH83U3,83U3 Fund Name AUD,83U3,O,7,SALF,AUD,HKG,RGHKICBC,TEHKICBC,TW800162,KFZFHPLQKCZH,KCZH Fund Name AUD,KCZH,O,81,SUII,AUD,HKG,RGHKICBC,TEHKICBC,BQ384048,UICDIOHYDA,HYDA Fund Name AUD,HYDA,O,7,SALF,AUD,HKG,RGHKICBC,TEHKICBC,NZ371912,ZQXKILDSNOZ,SNOZ Fund Name AUD,SNOZ,O,7,SALF,AUD,HKG,RGHKICBC,TEHKICBC,IQ368131,QVSRDBQQUW2,QUW2 Fund Name AUD,QUW2,O,81,SALF,AUD,HKG,RGHKICBC,TEHKICBC,91475331,SXJNGVKGQ6,KGQ6 Fund Name AUD,KGQ6,O,81,SUII,AUD,HKG,RGHKICBC,TEHKICBC,EB130465,AJHUFFEB6P,EB6P Fund Name AUD,EB6P,O,81,SUII,AUD,HKG,RGHKICBC,TEHKICBC,13707604,YCTKVYQ6GB,Q6GB Fund Name AUD,Q6GB,O,81,SUII,AUD,HKG,RGHKICBC,TEHKICBC,HY850249,UKWGQOXVRV,XVRV Fund Name AUD,XVRV,O,81,SALF,AUD,HKG,RGHKICBC,TEHKICBC,KX245664,EZVLUBWPDTI,PDTI Fund Name AUD,PDTI,O,81,SUII,AUD,HKG,RGHKICBC,TEHKICBC,RI799538,VKPYNLCOD5TR,D5TR Fund Name AUD,D5TR,O,7,SALF,AUD,HKG,RGHKICBC,TEHKICBC,FG673008,PTVUFZW9A8,W9A8 Fund Name AUD,W9A8,O,81,SUII,AUD,HKG,RGHKICBC,TEHKICBC,LW302192,PILITQHYR3FY,R3FY Fund Name AUD,R3FY,O,7,SALF,AUD,HKG,RGHKICBC,TEHKICBC,76326895,ZWMTEGYW31UY,31UY Fund Name AUD,31UY,O,81,SUII,AUD,HKG,RGHKICBC,TEHKICBC,AH853962,LUKDWBD7NE3,7NE3 Fund Name AUD,7NE3,O,81,SUII,AUD,HKG,RGHKICBC,TEHKICBC,73465890,WJZSGYIRIP,IRIP Fund Name AUD,IRIP,O,81,SALF,AUD,HKG,RGHKICBC,TEHKICBC,ZV250890,SKVMJRFZN9TJ,N9TJ Fund Name AUD,N9TJ,O,81,SUII,AUD,HKG,RGHKICBC,TEHKICBC,JZ628347,BMPPVQS4S44,4S44 Fund Name AUD,4S44,O,81,SALF,AUD,HKG,RGHKICBC,TEHKICBC,XW798007,GOMNFTRO1S,RO1S Fund Name AUD,RO1S,O,81,SUII,AUD,HKG,RGHKICBC,TEHKICBC,90413161,UVDWCMFQS3,FQS3 Fund Name AUD,FQS3,O,7,SALF,AUD,HKG,RGHKICBC,TEHKICBC,66901115,TNDVLMZW39,ZW39 Fund Name AUD,ZW39,O,7,SALF,AUD,HKG,RGHKICBC,TEHKICBC,RX332482,XFEBABOJ4EU0,4EU0 Fund Name AUD,4EU0,O,81,SUII,AUD,HKG,RGHKICBC,TEHKICBC,91674203,WXIQXT17PX,17PX Fund Name AUD,17PX,O,81,SALF,AUD,HKG,RGHKICBC,TEHKICBC,BA941932,JQJWBNCVCL9K,CL9K Fund Name AUD,CL9K,O,81,SALF,AUD,HKG,RGHKICBC,TEHKICBC,TW888807,OQZYWJJPFEEB,FEEB Fund Name AUD,FEEB,O,81,SUII,AUD,HKG,RGHKICBC,TEHKICBC,SU339860,ITGIEGULBE,ULBE Fund Name AUD,ULBE,O,7,SALF,AUD,HKG,RGHKICBC,TEHKICBC,ST828032,JDKAVWZSRF,ZSRF Fund Name AUD,ZSRF,O,81,SALF,AUD,HKG,RGHKICBC,TEHKICBC,KF714168,FLNAQYCVMXVK,MXVK Fund Name AUD,MXVK,O,81,SALF,AUD,HKG,RGHKICBC,TEHKICBC,37408254,FOXGNGC57XK,57XK Fund Name AUD,57XK,O,7,SALF,AUD,HKG,RGHKICBC,TEHKICBC,59696332,YFOENJZYNZBW,NZBW Fund Name AUD,NZBW,O,81,SALF,AUD,HKG,RGHKICBC,TEHKICBC,21629365,OQENPSL0S2,L0S2 Fund Name AUD,L0S2,O,81,SUII,AUD,HKG,RGHKICBC,TEHKICBC,CY533028,OPOTPFA2O8,A2O8 Fund Name AUD,A2O8,O,81,SALF,AUD,HKG,RGHKICBC,TEHKICBC,IX131558,MLUVLBW0V7S,0V7S Fund Name AUD,0V7S,O,81,SALF,AUD,HKG,RGHKICBC,TEHKICBC,KT637749,CSCGSGKGKB5,GKB5 Fund Name AUD,GKB5,O,7,SALF,AUD,HKG,RGHKICBC,TEHKICBC,AW726595,EKBCAB9XAE,9XAE Fund Name AUD,9XAE,O,81,SALF,AUD,HKG,RGHKICBC,TEHKICBC,51026852,UQOZBPQWTH,QWTH Fund Name AUD,QWTH,O,7,SALF,AUD,HKG,RGHKICBC,TEHKICBC,YO397123,RCZQTHLYX6,LYX6 Fund Name AUD,LYX6,O,81,SALF,AUD,HKG,RGHKICBC,TEHKICBC,FC395070,DDILHA5YHM,5YHM Fund Name AUD,5YHM,O,81,SALF,AUD,HKG,RGHKICBC,TEHKICBC,XL877541,IZBGSVFLP7FR,P7FR Fund Name AUD,P7FR,O,81,SUII,AUD,HKG,RGHKICBC,TEHKICBC,ML712464,FUQUWMYBCZ,YBCZ Fund Name AUD,YBCZ,O,81,SUII,AUD,HKG,RGHKICBC,TEHKICBC,PK184658,UGUDWSJIH5,JIH5 Fund Name AUD,JIH5,O,81,SUII,AUD,HKG,RGHKICBC,TEHKICBC,GJ159840,CIBACSIVPF,IVPF Fund Name AUD,IVPF,O,7,SALF,AUD,HKG,RGHKICBC,TEHKICBC,74299830,MRUCDB0DNH,0DNH Fund Name AUD,0DNH,O,7,SALF,AUD,HKG,RGHKICBC,TEHKICBC,XO271288,IFMHTCCNGIZ,NGIZ Fund Name AUD,NGIZ,O,81,SUII,AUD,HKG,RGHKICBC,TEHKICBC,NW891631,DCHHUXD23DH,23DH Fund Name AUD,23DH,O,81,SUII,AUD,HKG,RGHKICBC,TEHKICBC,RZ461251,FTLUKG489R,489R Fund Name AUD,489R,O,81,SUII,AUD,HKG,RGHKICBC,TEHKICBC,91489575,OIOILNS1MB5,1MB5 Fund Name AUD,1MB5,O,81,SUII,AUD,HKG,RGHKICBC,TEHKICBC,NU495040,GSFQGX3RQH,3RQH Fund Name AUD,3RQH,O,7,SALF,AUD,HKG,RGHKICBC,TEHKICBC,HY849683,BZOFTDDS8K,DS8K Fund Name AUD,DS8K,O,81,SALF,AUD,HKG,RGHKICBC,TEHKICBC,CF600057,UGEZHRZ6O4,Z6O4 Fund Name AUD,Z6O4,O,81,SUII,AUD,HKG,RGHKICBC,TEHKICBC,KY122402,VPUDBL433,0433 Fund Name AUD,433,O,81,SUII,AUD,HKG,RGHKICBC,TEHKICBC,QE796893,JRVDCW03SR,03SR Fund Name AUD,03SR,O,7,SALF,AUD,HKG,RGHKICBC,TEHKICBC,MZ692746,FVRUOHHV3C,HV3C Fund Name AUD,HV3C,O,7,SALF,AUD,HKG,RGHKICBC,TEHKICBC,UA642536,ICNIEV5BVJ,5BVJ Fund Name AUD,5BVJ,O,81,SUII,AUD,HKG,RGHKICBC,TEHKICBC,59482282,RRNWDDSNZX90,ZX90 Fund Name AUD,ZX90,O,81,SALF,AUD,HKG,RGHKICBC,TEHKICBC,TJ168393,PBDSNGKQTD,KQTD Fund Name AUD,KQTD,O,81,SUII,AUD,HKG,RGHKICBC,TEHKICBC,SZ527745,RBSOLBESHV,ESHV Fund Name AUD,ESHV,O,81,SALF,AUD,HKG,RGHKICBC,TEHKICBC,LI233677,WSQKNNPXHKV,XHKV Fund Name AUD,XHKV,O,81,SUII,AUD,HKG,RGHKICBC,TEHKICBC,CJ184873,EURUNFCWZIYR,ZIYR Fund Name AUD,ZIYR,O,81,SUII,AUD,HKG,RGHKICBC,TEHKICBC,UD941880,BVWRSE145U,145U Fund Name AUD,145U,O,7,SALF,AUD,HKG,RGHKICBC,TEHKICBC,73149558,XABFZGJ568,J568 Fund Name AUD,J568,O,7,SALF,AUD,HKG,RGHKICBC,TEHKICBC,31830941,HFBFZQBWLBY,WLBY Fund Name AUD,WLBY,O,81,SUII,AUD,HKG,RGHKICBC,TEHKICBC,21028337,BXNKYW3EIU,3EIU Fund Name AUD,3EIU,O,7,SALF,AUD,HKG,RGHKICBC,TEHKICBC,SD228397,WCUOHK1P3I,1P3I Fund Name AUD,1P3I,O,81,SALF,AUD,HKG,RGHKICBC,TEHKICBC,99108275,EKWCJXB241,B241 Fund Name AUD,B241,O,7,SALF,AUD,HKG,RGHKICBC,TEHKICBC,DC573788,FVXIJOR99S,R99S Fund Name AUD,R99S,O,7,SALF,AUD,HKG,RGHKICBC,TEHKICBC,FF966137,TNWYAUOOCPVP,CPVP Fund Name AUD,CPVP,O,81,SALF,AUD,HKG,RGHKICBC,TEHKICBC,UY716810,KRUVDOAC1REB,1REB Fund Name AUD,1REB,O,81,SUII,AUD,HKG,RGHKICBC,TEHKICBC,32330644,UYUVXFUKN1,UKN1 Fund Name AUD,UKN1,O,81,SALF,AUD,HKG,RGHKICBC,TEHKICBC,EC136890,QGKSNZTKUFMT,UFMT Fund Name AUD,UFMT,O,81,SUII,AUD,HKG,RGHKICBC,TEHKICBC,GA714158,IXYMESZ63PL,63PL Fund Name AUD,63PL,O,81,SUII,AUD,HKG,RGHKICBC,TEHKICBC,74937738,XHQMYAVK7IUA,7IUA Fund Name AUD,7IUA,O,7,SALF,AUD,HKG,RGHKICBC,TEHKICBC,WA788833,FAWYWUVDXN,VDXN Fund Name AUD,VDXN,O,7,SALF,AUD,HKG,RGHKICBC,TEHKICBC,PO825644,EUAGHW3DS3,3DS3 Fund Name AUD,3DS3,O,81,SALF,AUD,HKG,RGHKICBC,TEHKICBC,EM249409,GUUVWAM9TE,M9TE Fund Name AUD,M9TE,O,7,SALF,AUD,HKG,RGHKICBC,TEHKICBC,TC662464,RHDPGPCN1C,CN1C Fund Name AUD,CN1C,O,81,SALF,AUD,HKG,RGHKICBC,TEHKICBC,RP848831,MPMEFFR0O3,R0O3 Fund Name AUD,R0O3,O,81,SUII,AUD,HKG,RGHKICBC,TEHKICBC,FA673877,CEYYDK7ENB,7ENB Fund Name AUD,7ENB,O,81,SUII,AUD,HKG,RGHKICBC,TEHKICBC,EL762135,QVRLHFE6EG9,6EG9 Fund Name AUD,6EG9,O,7,SALF,AUD,HKG,RGHKICBC,TEHKICBC,ZD176270,UEUJVOEB9Z,EB9Z Fund Name AUD,EB9Z,O,81,SALF,AUD,HKG,RGHKICBC,TEHKICBC,68915839,ZWGSGHVIFU,VIFU Fund Name AUD,VIFU,O,81,SUII,AUD,HKG,RGHKICBC,TEHKICBC,UZ717253,MGZYJIIXBYX,XBYX Fund Name AUD,XBYX,O,81,SUII,AUD,HKG,RGHKICBC,TEHKICBC,ZS729344,YHVQQTBNI8Z,NI8Z Fund Name AUD,NI8Z,O,81,SUII,AUD,HKG,RGHKICBC,TEHKICBC,HL481264,ZLVZQB4O5Z,4O5Z Fund Name AUD,4O5Z,O,7,SALF,AUD,HKG,RGHKICBC,TEHKICBC,ZE502797,MJAUKNMYB4E2,B4E2 Fund Name AUD,B4E2,O,81,SALF,AUD,HKG,RGHKICBC,TEHKICBC,DD355139,ADJKUQ1BNJ,1BNJ Fund Name AUD,1BNJ,O,81,SUII,AUD,HKG,RGHKICBC,TEHKICBC,LM615430,XEVBKXXV57,XV57 Fund Name AUD,XV57,O,81,SUII,AUD,HKG,RGHKICBC,TEHKICBC,64303760,FIXRAFN
